jenkBINOMIAL,Jend,matchType,gapSppCode,gapSciName,gapComName,iucnTaxonID,iucnSciName,iucnComName
Acris gryllus,1,Matched on iucnSciName,aSCFRx,Acris gryllus,Southern Cricket Frog,55287,Acris gryllus,Southern Cricket Frog
Ambystoma annulatum,1,Matched on iucnSciName,aRISAx,Ambystoma annulatum,Ringed Salamander,59052,Ambystoma annulatum,Ringed Salamander
Ambystoma barbouri,1,Matched on iucnSciName,aSTRSx,Ambystoma barbouri,Streamside Salamander,59053,Ambystoma barbouri,Streamside Salamander
Ambystoma bishopi,1,Matched on iucnSciName,aRFSAx,Ambystoma bishopi,Reticulated Flatwoods Salamander,136128,Ambystoma bishopi,Reticulated Flatwoods Salamander
Ambystoma californiense,1,Matched on iucnSciName,aCTGSx,Ambystoma californiense,California Tiger Salamander,1098,Ambystoma californiense,California Tiger Salamander
Ambystoma cingulatum,1,Matched on iucnSciName,aFFSAx,Ambystoma cingulatum,Frosted Flatwoods Salamander,1099,Ambystoma cingulatum,Frosted Flatwoods Salamander
Ambystoma mabeei,1,Matched on iucnSciName,aMBSAx,Ambystoma mabeei,Mabee's Salamander,59062,Ambystoma mabeei,Mabee's Salamander
Ambystoma opacum,1,Matched on iucnSciName,aMASAx,Ambystoma opacum,Marbled Salamander,59065,Ambystoma opacum,Marbled Salamander
Ambystoma talpoideum,1,Matched on iucnSciName,aMOSAx,Ambystoma talpoideum,Mole Salamander,59069,Ambystoma talpoideum,Mole Salamander
Ambystoma texanum,1,Matched on iucnSciName,aSMMSx,Ambystoma texanum,Small-mouthed Salamander,59071,Ambystoma texanum,Smallmouth Salamander
Amphiuma means,1,Matched on iucnSciName,aTWAMx,Amphiuma means,Two-toed Amphiuma,59074,Amphiuma means,Two-toed Amphiuma
Amphiuma pholeter,1,Matched on iucnSciName,aOTAMx,Amphiuma pholeter,One-toed Amphiuma,59075,Amphiuma pholeter,One-toed Amphiuma
Amphiuma tridactylum,1,Matched on iucnSciName,aTHAMx,Amphiuma tridactylum,Three-toed Amphiuma,59076,Amphiuma tridactylum,Three-toed Amphiuma
Anaxyrus baxteri,1,Matched on iucnSciName,aWYTOx,Anaxyrus baxteri,Wyoming Toad,54583,Anaxyrus baxteri,Wyoming Toad
Anaxyrus canorus,1,Matched on iucnSciName,aYOTOx,Anaxyrus canorus,Yosemite Toad,3180,Anaxyrus canorus,Yosemite Park Toad
Anaxyrus exsul,1,Matched on iucnSciName,aBLTOx,Anaxyrus exsul,Black Toad,3169,Anaxyrus exsul,Black Toad
Anaxyrus houstonensis,1,Matched on iucnSciName,aHOTOx,Anaxyrus houstonensis,Houston Toad,3170,Anaxyrus houstonensis,Houston Toad
Anaxyrus microscaphus,1,Matched on iucnSciName,aAZTOx,Anaxyrus microscaphus,Arizona Toad,54709,Anaxyrus microscaphus,Arizona Toad
Anaxyrus nelsoni,1,Matched on iucnSciName,aAGTOx,Anaxyrus nelsoni,Amargosa Toad,3181,Anaxyrus nelsoni,
Anaxyrus quercicus,1,Matched on iucnSciName,aOATOx,Anaxyrus quercicus,Oak Toad,54743,Anaxyrus quercicus,Oak Toad
Anaxyrus terrestris,1,Matched on iucnSciName,aSOTOx,Anaxyrus terrestris,Southern Toad,54777,Anaxyrus terrestris,Southern Toad
Aneides aeneus,1,Matched on iucnSciName,aGRSAx,Aneides aeneus,Green Salamander,1282,Aneides aeneus,Green Salamander
Aneides flavipunctatus,1,Matched on iucnSciName,aBLASx,Aneides flavipunctatus,Black Salamander,59116,Aneides flavipunctatus,Black Salamander
Aneides hardii,1,Matched on iucnSciName,aSMTSx,Aneides hardii,Sacramento Mountains Salamander,59117,Aneides hardii,Sacramento Mountain Salamander
Batrachoseps attenuatus,1,Matched on iucnSciName,aCSLSx,Batrachoseps attenuatus,California Slender Salamander,59120,Batrachoseps attenuatus,California Slender Salamander
Batrachoseps campi,1,Matched on iucnSciName,aINSAx,Batrachoseps campi,Inyo Mountains Salamander,2649,Batrachoseps campi,Inyo Mountains Salamander
Batrachoseps diabolicus,1,Matched on iucnSciName,aHHSSx,Batrachoseps diabolicus,Hell Hollow Slender Salamander,59121,Batrachoseps diabolicus,Hell Hollow Slender Salamander
Batrachoseps gabrieli,1,Matched on iucnSciName,aSGSSx,Batrachoseps gabrieli,San Gabriel Mountains Slender Salamander,59122,Batrachoseps gabrieli,San Gabriel Slender Salamander
Batrachoseps gavilanensis,1,Matched on iucnSciName,aGMSSx,Batrachoseps gavilanensis,Gabilan Mountains Slender Salamander,59123,Batrachoseps gavilanensis,Gabilan Mountains Slender Salamander
Batrachoseps gregarius,1,Matched on iucnSciName,aGGSAx,Batrachoseps gregarius,Gregarious Salamander,59124,Batrachoseps gregarius,Gregarious Slender Salamander
Batrachoseps incognitus,1,Matched on iucnSciName,aSSSSx,Batrachoseps incognitus,San Simeon Slender Salamander,59125,Batrachoseps incognitus,San Simeon Slender Salamander
Batrachoseps kawia,1,Matched on iucnSciName,aSSLSx,Batrachoseps kawia,Sequoia Slender Salamander,59126,Batrachoseps kawia,Sequoia Slender Salamander
Batrachoseps luciae,1,Matched on iucnSciName,aSMSSx,Batrachoseps luciae,Santa Lucia Mountains Slender Salamander,59127,Batrachoseps luciae,Santa Lucia Mountains Slender Salamander
Batrachoseps minor,1,Matched on iucnSciName,aLSSAx,Batrachoseps minor,Lesser Slender Salamander,59129,Batrachoseps minor,Lesser Slender Salamander
Batrachoseps nigriventris,1,Matched on iucnSciName,aBBSSx,Batrachoseps nigriventris,Black-bellied Slender Salamander,59130,Batrachoseps nigriventris,Blackbelly Slender Salamander
Batrachoseps pacificus,1,Matched on iucnSciName,aCISSx,Batrachoseps pacificus,Channel Islands Slender Salamander,59131,Batrachoseps pacificus,Channel Islands Slender Salamander
Batrachoseps regius,1,Matched on iucnSciName,aKRSSx,Batrachoseps regius,Kings River Slender Salamander,59132,Batrachoseps regius,Kings River Slender Salamander
Batrachoseps relictus,1,Matched on iucnSciName,aRSSAx,Batrachoseps relictus,Relictual Slender Salamander,2650,Batrachoseps relictus,Relictual Slender Salamander
Batrachoseps robustus,1,Matched on iucnSciName,aKPSAx,Batrachoseps robustus,Kern Plateau Salamander,59133,Batrachoseps robustus,Kern Plateau Salamander
Batrachoseps simatus,1,Matched on iucnSciName,aKCSSx,Batrachoseps simatus,Kern Canyon Slender Salamander,2647,Batrachoseps simatus,Kern Canyon Slender Salamander
Batrachoseps stebbinsi,1,Matched on iucnSciName,aTSSAx,Batrachoseps stebbinsi,Tehachapi Slender Salamander,2648,Batrachoseps stebbinsi,Tehachapi Slender Salamander
Batrachoseps wrighti,1,Matched on iucnSciName,aOSSAx,Batrachoseps wrightorum,Oregon Slender Salamander,59134,Batrachoseps wrighti,Oregon Slender Salamander
Cryptobranchus alleganiensis,1,Matched on iucnSciName,aHELLx,Cryptobranchus alleganiensis,Hellbender,59077,Cryptobranchus alleganiensis,Hellbender
Desmognathus abditus,1,Matched on iucnSciName,aCUDSx,Desmognathus abditus,Cumberland Dusky Salamander,61902,Desmognathus abditus,Cumberland Dusky Salamander
Desmognathus aeneus,1,Matched on iucnSciName,aSEESx,Desmognathus aeneus,Seepage Salamander,59243,Desmognathus aeneus,Seepage Salamander
Desmognathus apalachicolae,1,Matched on iucnSciName,aADSAx,Desmognathus apalachicolae,Apalachicola Dusky Salamander,59244,Desmognathus apalachicolae,Apalachicola Dusky Salamander
Desmognathus auriculatus,1,Matched on iucnSciName,aSODSx,Desmognathus auriculatus,Southern Dusky Salamander,59245,Desmognathus auriculatus,Southern Dusky Salamander
Desmognathus brimleyorum,1,Matched on iucnSciName,aODSAx,Desmognathus brimleyorum,Ouachita Dusky Salamander,59246,Desmognathus brimleyorum,Ouachita Dusky Salamander
Desmognathus carolinensis,1,Matched on iucnSciName,aCMDSx,Desmognathus carolinensis,Carolina Mountain Dusky Salamander,59247,Desmognathus carolinensis,Carolina Mountain Dusky Salamander
Desmognathus folkertsi,1,Matched on iucnSciName,aDBBSx,Desmognathus folkertsi,Dwarf Black-bellied Salamander,59248,Desmognathus folkertsi,Dwarf Black-bellied Salamander
Desmognathus imitator,1,Matched on iucnSciName,aIMSAx,Desmognathus imitator,Imitator Salamander,59250,Desmognathus imitator,Imitator Salamander
Desmognathus marmoratus,1,Matched on iucnSciName,aSNSAx,Desmognathus marmoratus,Shovel-nosed Salamander,59251,Desmognathus marmoratus,Shovelnose Salamander
Desmognathus monticola,1,Matched on iucnSciName,aSEASx,Desmognathus monticola,Seal Salamander,59252,Desmognathus monticola,Seal Salamander
Desmognathus ochrophaeus,1,Matched on iucnSciName,aAMDSx,Desmognathus ochrophaeus,Allegheny Mountain Dusky Salamander,59253,Desmognathus ochrophaeus,Allegheny Mountain Dusky Salamander
Desmognathus ocoee,1,Matched on iucnSciName,aOCSAx,Desmognathus ocoee,Ocoee Salamander,59254,Desmognathus ocoee,Ocoee Salamander
Desmognathus orestes,1,Matched on iucnSciName,aBRDSx,Desmognathus orestes,Blue Ridge Dusky Salamander,59255,Desmognathus orestes,Blue Ridge Dusky Salamander
Desmognathus quadramaculatus,1,Matched on iucnSciName,aBESAx,Desmognathus quadramaculatus,Black-bellied Salamander,59256,Desmognathus quadramaculatus,Blackbelly Salamander
Desmognathus santeetlah,1,Matched on iucnSciName,aSADSx,Desmognathus santeetlah,Santeetlah Dusky Salamander,59257,Desmognathus santeetlah,Santeetlah Dusky Salamander
Desmognathus welteri,1,Matched on iucnSciName,aBMSAx,Desmognathus welteri,Black Mountain Salamander,59258,Desmognathus welteri,Black Mountain Salamander
Desmognathus wrighti,1,Matched on iucnSciName,aPYSAx,Desmognathus wrighti,Pygmy Salamander,59259,Desmognathus wrighti,Pygmy Salamander
Dicamptodon aterrimus,1,Matched on iucnSciName,aIGSAx,Dicamptodon aterrimus,Idaho Giant Salamander,59078,Dicamptodon aterrimus,Idaho Giant Salamander
Dicamptodon copei,1,Matched on iucnSciName,aCGSAx,Dicamptodon copei,Cope's Giant Salamander,59079,Dicamptodon copei,Cope's Giant Salamander
Dicamptodon ensatus,1,Matched on iucnSciName,aCASAx,Dicamptodon ensatus,Calfifornia Giant Salamander,59080,Dicamptodon ensatus,California Giant Salamander
Dicamptodon tenebrosus,1,Matched on iucnSciName,aCOGSx,Dicamptodon tenebrosus,Coastal Giant Salamander,59081,Dicamptodon tenebrosus,Coastal Giant Salamander
Eurycea chisholmensis,1,Matched on iucnSciName,aSASAx,Eurycea chisholmensis,Salado Salamander,59263,Eurycea chisholmensis,Chisholm Trail Salamander
Eurycea cirrigera,1,Matched on iucnSciName several times,aSTLSx,Eurycea cirrigera,Southern Two-lined Salamander,59264,Eurycea cirrigera,Southern Two-lined Salamander
Eurycea cirrigera,1,Matched on iucnSciName several times,aDASAx,Eurycea aquatica,Dark-sided Salamander,59264,Eurycea cirrigera,Southern Two-lined Salamander
Eurycea guttolineata,1,Matched on iucnSciName,aTLSAx,Eurycea guttolineata,Three-lined Salamander,59265,Eurycea guttolineata,Three-lined Salamander
Eurycea junaluska,1,Matched on iucnSciName,aJUSAx,Eurycea junaluska,Junaluska Salamander,59266,Eurycea junaluska,Junaluska Salamander
Eurycea latitans,1,Matched on iucnSciName,aCCSAx,Eurycea latitans,Cascade Caverns Salamander,59267,Eurycea latitans,Cascade Caverns Salamander
Eurycea longicauda,1,Matched on iucnSciName,aLTASx,Eurycea longicauda,Long-tailed Salamander,59268,Eurycea longicauda,Longtail Salamander
Eurycea lucifuga,1,Matched on iucnSciName,aCVSAx,Eurycea lucifuga,Cave Salamander,59269,Eurycea lucifuga,Cave Salamander
Eurycea multiplicata,1,Matched on iucnSciName,aMRSAx,Eurycea multiplicata,Many-ribbed Salamander,59270,Eurycea multiplicata,Many-ribbed Salamander
Eurycea nana,1,Matched on iucnSciName,aSMSAx,Eurycea nana,San Marcos Salamander,8391,Eurycea nana,San Marcos Salamander
Eurycea naufragia,1,Matched on iucnSciName,aGESAx,Eurycea naufragia,Georgetown Salamander,59271,Eurycea naufragia,San Gabriel Springs Salamander
Eurycea neotenes,1,Matched on iucnSciName,aTXSAx,Eurycea neotenes,Texas Salamander,59272,Eurycea neotenes,Texas Salamander
Eurycea pterophila,1,Matched on iucnSciName,aFBSAx,Eurycea pterophila,Fern Bank Salamander,59273,Eurycea pterophila,Blanco River Springs Salamander
Eurycea quadridigitata,1,Matched on iucnSciName,aDWSAx,Eurycea quadridigitata,Dwarf Salamander,59274,Eurycea quadridigitata,Dwarf Salamander
Eurycea rathbuni,1,Matched on iucnSciName,aTBSAx,Eurycea rathbuni,Texas Blind Salamander,39262,Eurycea rathbuni,Texas Blind Salamander
Eurycea robusta,1,Matched on iucnSciName,aBLSAx,Eurycea robusta,Blanco Blind Salamander,39263,Eurycea robusta,Blanco Blind Salamander
Eurycea sosorum,1,Matched on iucnSciName,aBSPSx,Eurycea sosorum,Barton Springs Salamander,8392,Eurycea sosorum,Barton Springs Salamander
Eurycea spelaea,1,Matched on iucnSciName,aGSALx,Eurycea spelaea,Grotto Salamander,22707,Eurycea spelaea,Grotto Salamander
Eurycea tonkawae,1,Matched on iucnSciName,aJPSAx,Eurycea tonkawae,Jollyville Plateau Salamander,59275,Eurycea tonkawae,Jollyville Plateau Salamander
Eurycea tridentifera,1,Matched on iucnSciName,aCBSAx,Eurycea tridentifera,Comal Blind Salamander,8393,Eurycea tridentifera,Comal Blind Salamander
Eurycea troglodytes,1,Matched on iucnSciName,aVFSAx,Eurycea troglodytes,Valdina Farms Salamander,59276,Eurycea troglodytes,Eurycea Troglodytes Complex
Eurycea tynerensis,1,Matched on iucnSciName,aOKSAx,Eurycea tynerensis,Oklahoma Salamander,59277,Eurycea tynerensis,Oklahoma Salamander
Eurycea wallacei,1,Matched on iucnSciName,aGBSAx,Haideotriton wallacei,Georgia Blind Salamander,59284,Eurycea wallacei,Georgia Blind Salamander
Eurycea waterlooensis,1,Matched on iucnSciName,aABSAx,Eurycea waterlooensis,Austin Blind Salamander,59278,Eurycea waterlooensis,Austin Blind Salamander
Eurycea wilderae,1,Matched on iucnSciName,aBRTSx,Eurycea wilderae,Blue Ridge Two-lined Salamander,59279,Eurycea wilderae,Blue Ridge Two-lined Salamander
Gastrophryne carolinensis,1,Matched on iucnSciName,aENMTx,Gastrophryne carolinensis,Eastern Narrow-mouthed Toad,57813,Gastrophryne carolinensis,Eastern Narrowmouth Toad
Gyrinophilus gulolineatus,1,Matched on iucnSciName,aBCSAx,Gyrinophilus gulolineatus,Berry Cave Salamander,59280,Gyrinophilus gulolineatus,Berry Cave Salamander
Gyrinophilus palleucus,1,Matched on iucnSciName,aTCSAx,Gyrinophilus palleucus,Tennessee Cave Salamander,59281,Gyrinophilus palleucus,Tennessee Cave Salamander
Gyrinophilus subterraneus,1,Matched on iucnSciName,aWVSSx,Gyrinophilus subterraneus,West Virginia Spring Salamander,59283,Gyrinophilus subterraneus,West Virginia Spring Salamander
Hydromantes brunus,1,Matched on iucnSciName,aLISAx,Hydromantes brunus,Limestone Salamander,10304,Hydromantes brunus,Limestone Salamander
Hydromantes platycephalus,1,Matched on iucnSciName,aMLYSx,Hydromantes platycephalus,Mount Lyell Salamander,59286,Hydromantes platycephalus,Mount Lyell Salamander
Hydromantes shastae,1,Matched on iucnSciName,aSHSAx,Hydromantes shastae,Shasta Salamander,10305,Hydromantes shastae,Shasta Salamander
Hyla andersonii,1,Matched on iucnSynonym (Dryophytes andersonii),aPBTRx,Hyla andersonii,Pine Barrens Treefrog,10350,Dryophytes andersonii,Pine Barrens Treefrog
Hyla avivoca,1,Matched on iucnSynonym (Dryophytes avivoca),aBVTRx,Hyla avivoca,Bird-voiced Treefrog,55403,Dryophytes avivoca,Bird-voiced Treefrog
Hyla cinerea,1,Matched on iucnSynonym (Dryophytes cinereus),aGRTRx,Hyla cinerea,Green Treefrog,55449,Dryophytes cinereus,American Green Treefrog
Hyla femoralis,1,Matched on iucnSynonym (Dryophytes femoralis),aPWTRx,Hyla femoralis,Pine Woods Treefrog,55481,Dryophytes femoralis,Pine Wood Treefrog
Hyla gratiosa,1,Matched on iucnSynonym (Dryophytes gratiosus),aBATRx,Hyla gratiosa,Barking Treefrog,55495,Dryophytes gratiosus,Barking Treefrog
Lithobates areolatus,1,Matched on iucnSciName,aCWFRx,Lithobates areolatus,Crawfish Frog,58546,Lithobates areolatus,Crawfish Frog
Lithobates blairi,1,Matched on iucnSciName,aPLFRx,Lithobates blairi,Plains Leopard Frog,58562,Lithobates blairi,Plains Leopard Frog
Lithobates capito,1,Matched on iucnSciName,aGOFRx,Lithobates capito,Gopher Frog,58564,Lithobates capito,Gopher Frog
Lithobates grylio,1,Matched on iucnSciName,aPIGFx,Lithobates grylio,Pig Frog,58611,Lithobates grylio,Pig Frog
Lithobates heckscheri,1,Matched on iucnSciName,aRIFRx,Lithobates heckscheri,River Frog,58614,Lithobates heckscheri,River Frog
Lithobates okaloosae,1,Matched on iucnSciName,aFBFRx,Lithobates okaloosae,Florida Bog Frog,58684,Lithobates okaloosae,Florida Bog Frog
Lithobates onca,1,Matched on iucnSciName,aRLFRx,Lithobates onca,Relict Leopard Frog,19178,Lithobates onca,Relict Leopard Frog
Lithobates sevosus,1,Matched on iucnSciName,aDGFRx,Lithobates sevosus,Dusky Gopher Frog,58714,Lithobates sevosus,Dusky Gopher Frog
Lithobates sphenocephalus,1,Matched on iucnSciName,aSLFRx,Lithobates sphenocephalus,Southern Leopard Frog,58723,Lithobates sphenocephalus,Southern Leopard Frog
Lithobates subaquavocalis,1,Failed to match on iucnSciName iucnSynonym or gapSciName,,,,,,
Lithobates virgatipes,1,Matched on iucnSciName,aCRFRx,Lithobates virgatipes,Carpenter Frog,58747,Lithobates virgatipes,Carpenter Frog
Necturus alabamensis,1,Matched on iucnSciName,aBWRWx,Necturus alabamensis,Black Warrior River Waterdog,59430,Necturus alabamensis,Alabama Waterdog
Necturus beyeri,1,Matched on iucnSciName,aGUWAx,Necturus beyeri,Gulf Coast Waterdog,59431,Necturus beyeri,Gulf Coast Waterdog
Necturus lewisi,1,Matched on iucnSciName,aNRWAx,Necturus lewisi,Neuse River Waterdog,59432,Necturus lewisi,Neuse River Waterdog
Necturus punctatus,1,Matched on iucnSciName,aDWWAx,Necturus punctatus,Dwarf Waterdog,59434,Necturus punctatus,Dwarf Waterdog
Notophthalmus perstriatus,1,Matched on iucnSciName,aSTNEx,Notophthalmus perstriatus,Striped Newt,14872,Notophthalmus perstriatus,Striped Newt
Phaeognathus hubrichti,1,Matched on iucnSciName,aRHSAx,Phaeognathus hubrichti,Red Hills Salamander,16801,Phaeognathus hubrichti,Red Hills Salamander
Plethodon albagula,1,Matched on iucnSciName,aWSSAx,Plethodon albagula,Western Slimy Salamander,59329,Plethodon albagula,White-throated Slimy Salamander
Plethodon amplus,1,Matched on iucnSciName,aBGCSx,Plethodon amplus,Blue Ridge Gray-cheeked Salamander,59330,Plethodon amplus,Blue Ridge Gray-cheeked Salamander
Plethodon angusticlavius,1,Matched on iucnSciName,aOZSAx,Plethodon angusticlavius,Ozark Zigzag Salamander,59331,Plethodon angusticlavius,Ozark Zigzag Salamander
Plethodon asupak,1,Matched on iucnSciName,aSCSAx,Plethodon asupak,Scott Bar Salamander,61904,Plethodon asupak,Scottbar Salamander
Plethodon aureolus,1,Matched on iucnSciName,aTESAx,Plethodon aureolus,Tellico Salamander,59332,Plethodon aureolus,Tellico Salamander
Plethodon caddoensis,1,Matched on iucnSciName,aCMSAx,Plethodon caddoensis,Caddo Mountain Salamander,17630,Plethodon caddoensis,Caddo Mountain Salamander
Plethodon cheoah,1,Matched on iucnSciName,aCHSAx,Plethodon cheoah,Cheoah Bald Salamander,59333,Plethodon cheoah,Cheoah Bald Salamander
Plethodon cylindraceus,1,Matched on iucnSciName,aWSSSx,Plethodon cylindraceus,White-spotted Slimy Salamander,59335,Plethodon cylindraceus,White-spotted Slimy Salamander
Plethodon dorsalis,1,Matched on iucnSciName,aNZSAx,Plethodon dorsalis,Northern Zigzag Salamander,59336,Plethodon dorsalis,Northern Zigzag Salamander
Plethodon dunni,1,Matched on iucnSciName,aDUSAx,Plethodon dunni,Dunn's Salamander,59337,Plethodon dunni,Dunn's Salamander
Plethodon electromorphus,1,Matched on iucnSciName,aNRSAx,Plethodon electromorphus,Northern Ravine Salamander,59338,Plethodon electromorphus,Northern Ravine Salamander
Plethodon elongatus,1,Matched on iucnSciName,aDNSAx,Plethodon elongatus,Del Norte Salamander,59339,Plethodon elongatus,Del Norte Salamander
Plethodon fourchensis,1,Matched on iucnSciName,aFMSAx,Plethodon fourchensis,Fourch Mountain Salamander,17631,Plethodon fourchensis,Fourche Mountain Salamander
Plethodon glutinosus,1,Matched on iucnSciName several times,aSSYSx,Plethodon savannah,Savannah Slimy Salamander,59340,Plethodon glutinosus,Slimy Salamander
Plethodon glutinosus,1,Matched on iucnSciName several times,aSSMSx,Plethodon grobmani,Southeastern Slimy Salamander,59340,Plethodon glutinosus,Slimy Salamander
Plethodon glutinosus,1,Matched on iucnSciName several times,aSCSSx,Plethodon variolatus,South Carolina Slimy Salamander,59340,Plethodon glutinosus,Slimy Salamander
Plethodon glutinosus,1,Matched on iucnSciName several times,aOCSSx,Plethodon ocmulgee,Ocmulgee Slimy Salamander,59340,Plethodon glutinosus,Slimy Salamander
Plethodon glutinosus,1,Matched on iucnSciName several times,aNSSAx,Plethodon glutinosus,Northern Slimy Salamander,59340,Plethodon glutinosus,Slimy Salamander
Plethodon glutinosus,1,Matched on iucnSciName several times,aMSSAx,Plethodon mississippi,Mississippi Slimy Salamander,59340,Plethodon glutinosus,Slimy Salamander
Plethodon glutinosus,1,Matched on iucnSciName several times,aCSMSx,Plethodon chattahoochee,Chattahoochee Slimy Salamander,59340,Plethodon glutinosus,Slimy Salamander
Plethodon glutinosus,1,Matched on iucnSciName several times,aACSSx,Plethodon chlorobryonis,Atlantic Coast Slimy Salamander,59340,Plethodon glutinosus,Slimy Salamander
Plethodon hoffmani,1,Matched on iucnSciName,aVRSAx,Plethodon hoffmani,Valley And Ridge Salamander,59341,Plethodon hoffmani,Valley And Ridge Salamander
Plethodon hubrichti,1,Matched on iucnSciName,aPOSAx,Plethodon hubrichti,Peaks Of Otter Salamander,17632,Plethodon hubrichti,Peaks Of Otter Salamander
Plethodon jordani,1,Matched on iucnSciName,aRCSAx,Plethodon jordani,Red-cheeked Salamander,59343,Plethodon jordani,Red-cheeked Salamander
Plethodon kentucki,1,Matched on iucnSciName,aCPSAx,Plethodon kentucki,Cumberland Plateau Salamander,59344,Plethodon kentucki,Cumberland Plateau Salamander
Plethodon kiamichi,1,Matched on iucnSciName,aKSSAx,Plethodon kiamichi,Kiamichi Slimy Salamander,59345,Plethodon kiamichi,Kiamichi Slimy Salamander
Plethodon kisatchie,1,Matched on iucnSciName,aLASAx,Plethodon kisatchie,Louisiana Slimy Salamander,59346,Plethodon kisatchie,Louisiana Slimy Salamander
Plethodon larselli,1,Matched on iucnSciName,aLMSAx,Plethodon larselli,Larch Mountain Salamander,17625,Plethodon larselli,Larch Mountain Salamander
Plethodon meridianus,1,Matched on iucnSciName,aSMGSx,Plethodon meridianus,South Mountain Gray-cheeked Salamander,59347,Plethodon meridianus,South Mountain Gray-cheeked Salamander
Plethodon metcalfi,1,Matched on iucnSciName,aSGCSx,Plethodon metcalfi,Southern Gray-cheeked Salamander,59348,Plethodon metcalfi,Southern Gray-cheeked Salamander
Plethodon montanus,1,Matched on iucnSciName,aNGCSx,Plethodon montanus,Northern Gray-cheeked Salamander,59349,Plethodon montanus,Northern Gray-cheeked Salamander
Plethodon neomexicanus,1,Matched on iucnSciName,aJMSAx,Plethodon neomexicanus,Jemez Mountains Salamander,17626,Plethodon neomexicanus,Jemez Mountains Salamander
Plethodon nettingi,1,Matched on iucnSciName,aCMTSx,Plethodon nettingi,Cheat Mountain Salamander,17627,Plethodon nettingi,Cheat Mountain Salamander
Plethodon ouachitae,1,Matched on iucnSciName,aRMSAx,Plethodon ouachitae,Rich Mountain Salamander,17633,Plethodon ouachitae,Rich Mountain Salamander
Plethodon petraeus,1,Matched on iucnSciName,aPMSAx,Plethodon petraeus,Pigeon Mountain Salamander,59350,Plethodon petraeus,Pigeon Mountain Salamander
Plethodon punctatus,1,Matched on iucnSciName,aCKSAx,Plethodon punctatus,Cow Knob Salamander,59351,Plethodon punctatus,White-spotted Salamander
Plethodon richmondi,1,Matched on iucnSciName,aSRSAx,Plethodon richmondi,Southern Ravine Salamander,59352,Plethodon richmondi,Ravine Salamander
Plethodon sequoyah,1,Matched on iucnSciName,aSQSAx,Plethodon sequoyah,Sequoyah Slimy Salamander,59353,Plethodon sequoyah,Sequoyah Slimy Salamander
Plethodon serratus,1,Matched on iucnSciName,aSRBSx,Plethodon serratus,Southern Red-backed Salamander,59354,Plethodon serratus,Southern Redback Salamander
Plethodon shenandoah,1,Matched on iucnSciName,aSDSAx,Plethodon shenandoah,Shenandoah Salamander,17629,Plethodon shenandoah,Shenandoah Salamander
Plethodon sherando,1,Matched on iucnSciName,aBGSAx,Plethodon sherando,Big Levels Salamander,61905,Plethodon sherando,Big Levels Salamander
Plethodon shermani,1,Matched on iucnSciName,aRLSAx,Plethodon shermani,Red-legged Salamander,59355,Plethodon shermani,Red-legged Salamander
Plethodon stormi,1,Matched on iucnSciName,aSYSAx,Plethodon stormi,Siskiyou Mountains Salamander,17628,Plethodon stormi,Siskiyou Mountains Salamander
Plethodon teyahalee,1,Matched on iucnSciName,aSOASx,Plethodon teyahalee,Southern Appalachian Salamander,59356,Plethodon teyahalee,Southern Appalachian Salamander
Plethodon vandykei,1,Matched on iucnSciName,aVDSAx,Plethodon vandykei,Van Dyke's Salamander,59357,Plethodon vandykei,Van Dyke's Salamander
Plethodon ventralis,1,Matched on iucnSciName,aSZSAx,Plethodon ventralis,Southern Zigzag Salamander,59359,Plethodon ventralis,Southern Zigzag Salamander
Plethodon virginia,1,Matched on iucnSciName,aSHMSx,Plethodon virginia,Shenandoah Mountain Salamander,59360,Plethodon virginia,Shenandoah Mountain Salamander
Plethodon websteri,1,Matched on iucnSciName,aWBSAx,Plethodon websteri,Webster's Salamander,59361,Plethodon websteri,Webster's Salamander
Plethodon wehrlei,1,Matched on iucnSciName,aWHSAx,Plethodon wehrlei,Wehrle's Salamander,59362,Plethodon wehrlei,Wehrle's Salamander
Plethodon welleri,1,Matched on iucnSciName,aWLSAx,Plethodon welleri,Weller's Salamander,59363,Plethodon welleri,Weller's Salamander
Plethodon yonahlossee,1,Matched on iucnSciName,aYOSAx,Plethodon yonahlossee,Yonahlossee Salamander,59364,Plethodon yonahlossee,Yonahlossee Salamander
Pseudacris brachyphona,1,Matched on iucnSciName,aMCFRx,Pseudacris brachyphona,Mountain Chorus Frog,55888,Pseudacris brachyphona,Mountain Chorus Frog
Pseudacris brimleyi,1,Matched on iucnSciName,aBRFRx,Pseudacris brimleyi,Brimley's Chorus Frog,55889,Pseudacris brimleyi,Brimley's Chorus Frog
Pseudacris feriarum,1,Matched on iucnSciName,aUCFRx,Pseudacris feriarum,Upland Chorus Frog,55893,Pseudacris feriarum,Upland Chorus Frog
Pseudacris fouquettei,1,Failed to match on iucnSciName iucnSynonym or gapSciName,,,,,,
Pseudacris kalmi,1,Matched on iucnSciName,aNJFRx,Pseudacris kalmi,New Jersey Chorus Frog,136134,Pseudacris kalmi,New Jersey Chorus Frog
Pseudacris nigrita,1,Matched on iucnSciName,aSOFRx,Pseudacris nigrita,Southern Chorus Frog,55894,Pseudacris nigrita,Southern Chorus Frog
Pseudacris ocularis,1,Matched on iucnSciName,aLGFRx,Pseudacris ocularis,Little Grass Frog,55895,Pseudacris ocularis,Little Grass Frog
Pseudacris ornata,1,Matched on iucnSciName,aOCFRx,Pseudacris ornata,Ornate Chorus Frog,55896,Pseudacris ornata,Ornate Chorus Frog
Pseudacris streckeri,1,Matched on iucnSciName several times,aSTFRx,Pseudacris streckeri,Strecker's Chorus Frog,55898,Pseudacris streckeri,Strecker's Chorus Frog
Pseudacris streckeri,1,Matched on iucnSciName several times,aILGRx,Pseudacris illinoensis,Illinois Chorus Frog,55898,Pseudacris streckeri,Strecker's Chorus Frog
Pseudobranchus axanthus,1,Matched on iucnSciName,aSDSIx,Pseudobranchus axanthus,Southern Dwarf Siren,59489,Pseudobranchus axanthus,Narrow-striped Dwarf Siren
Pseudobranchus striatus,1,Matched on iucnSciName,aNDSIx,Pseudobranchus striatus,Northern Dwarf Siren,59490,Pseudobranchus striatus,Dwarf Siren
Pseudotriton montanus,1,Matched on iucnSciName,aMUSAx,Pseudotriton montanus,Mud Salamander,59403,Pseudotriton montanus,Mud Salamander
Pseudotriton ruber,1,Matched on iucnSciName,aRESAx,Pseudotriton ruber,Red Salamander,59404,Pseudotriton ruber,Red Salamander
Rana cascadae,1,Matched on iucnSciName,aCSFRx,Rana cascadae,Cascades Frog,19176,Rana cascadae,Cascades Frog
Rana muscosa,1,Matched on iucnSciName,aSMFRx,Rana muscosa,Southern Mountain Yellow-legged Frog,19177,Rana muscosa,Southern Mountain Yellow-legged Frog
Rana sierrae,1,Matched on iucnSciName,aSYLFx,Rana sierrae,Sierra Nevada Yellow-legged Frog,136114,Rana sierrae,Sierra Nevada Yellow-legged Frog
Rhyacotriton cascadae,1,Matched on iucnSciName,aCTRSx,Rhyacotriton cascadae,Cascade Torrent Salamander,59435,Rhyacotriton cascadae,Cascade Torrent Salamander
Rhyacotriton kezeri,1,Matched on iucnSciName,aCTOSx,Rhyacotriton kezeri,Columbia Torrent Salamander,59436,Rhyacotriton kezeri,Columbia Torrent Salamander
Rhyacotriton olympicus,1,Matched on iucnSciName,aOTSAx,Rhyacotriton olympicus,Olympic Torrent Salamander,59437,Rhyacotriton olympicus,Olympic Torrent Salamander
Rhyacotriton variegatus,1,Matched on iucnSciName,aSTOSx,Rhyacotriton variegatus,Southern Torrent Salamander,59438,Rhyacotriton variegatus,Southern Torrent Salamander
Scaphiopus holbrookii,1,Matched on iucnSciName,aEASPx,Scaphiopus holbrookii,Eastern Spadefoot,59042,Scaphiopus holbrookii,Eastern Spadefoot
Scaphiopus hurterii,1,Matched on iucnSciName,aHUSPx,Scaphiopus hurterii,Hurter's Spadefoot,59043,Scaphiopus hurterii,Hurter's Spadefoot
Stereochilus marginatus,1,Matched on iucnSciName,aMLSAx,Stereochilus marginatus,Many-lined Salamander,59406,Stereochilus marginatus,Many-lined Salamander
Taricha rivularis,1,Matched on iucnSciName,aRBNEx,Taricha rivularis,Red-bellied Newt,59470,Taricha rivularis,Redbelly Newt
Taricha sierra,1,Matched on iucnSciName,aSENEx,Taricha sierrea,Sierra Newt,136023,Taricha sierra,Sierra Newt
Taricha torosa,1,Matched on iucnSciName,aCFNEx,Taricha torosa,California Newt,59471,Taricha torosa,Coast Range Newt
Urspelerpes brucei,1,Failed to match on iucnSciName iucnSynonym or gapSciName,,,,,,
Tympanuchus pallidicinctus,1,Matched on iucnSciName,bLEPCx,Tympanuchus pallidicinctus,Lesser Prairie-chicken,22679519,Tympanuchus pallidicinctus,Lesser Prairie-chicken
Picoides borealis,1,Matched on iucnSynonym (Leuconotopicus borealis),bRCWOx,Picoides borealis,Red-cockaded Woodpecker,22681158,Leuconotopicus borealis,Red-cockaded Woodpecker
Aphelocoma insularis,1,Matched on iucnSciName several times,bWESJx,Aphelocoma californica,Western Scrub-jay,103727785,Aphelocoma californica,Western Scrub-jay
Aphelocoma insularis,1,Matched on iucnSciName several times,bISSJx,Aphelocoma insularis,Island Scrub-jay,103727785,Aphelocoma californica,Western Scrub-jay
Aphelocoma coerulescens,1,Matched on iucnSciName,bFLSJx,Aphelocoma coerulescens,Florida Scrub-jay,22705629,Aphelocoma coerulescens,Florida Scrub-jay
Pica nuttalli,1,Matched on iucnSynonym (Pica nutalli),bYBMAx,Pica nuttalli,Yellow-billed Magpie,22705874,Pica nutalli,Yellow-billed Magpie
Corvus ossifragus,1,Matched on iucnSciName,bFICRx,Corvus ossifragus,Fish Crow,22705993,Corvus ossifragus,Fish Crow
Parus carolinensis,1,Matched on iucnSynonym (Poecile carolinensis),bCACHx,Poecile carolinensis,Carolina Chickadee,22711708,Poecile carolinensis,Carolina Chickadee
Leucosticte atrata,1,Matched on iucnSciName,bBLRFx,Leucosticte atrata,Black Rosy-finch,22720488,Leucosticte atrata,Black Rosy-finch
Ammodramus maritimus,1,Matched on iucnSynonym (Ammospiza maritima),bSESPx,Ammodramus maritimus,Seaside Sparrow,22721123,Ammospiza maritima,Seaside Sparrow
Ammodramus caudacutus,1,Matched on iucnSynonym (Ammospiza caudacuta),bSSTSx,Ammodramus caudacutus,Saltmarsh Sharp-tailed Sparrow,22721129,Ammospiza caudacuta,Saltmarsh Sparrow
Ammodramus henslowii,1,Matched on iucnSynonym (Passerculus henslowii),bHESPx,Ammodramus henslowii,Henslow's Sparrow,22721138,Passerculus henslowii,Henslow's Sparrow
Peucaea aestivalis,1,Matched on iucnSciName,bBACSx,Aimophila aestivalis,Bachman's Sparrow,22721256,Peucaea aestivalis,Bachman's Sparrow
Quiscalus major,1,Matched on iucnSciName,bBTGRx,Quiscalus major,Boat-tailed Grackle,22724311,Quiscalus major,Boat-tailed Grackle
Centrocercus minimus,1,Matched on iucnSciName,bGUSGx,Centrocercus minimus,Gunnison Sage-grouse,22728472,Centrocercus minimus,Gunnison Grouse
Leucosticte australis,1,Matched on iucnSciName,bBCRFx,Leucosticte australis,Brown-capped Rosy-finch,22728985,Leucosticte australis,Brown-capped Rosy-finch
Ammospermophilus nelsoni,1,Matched on iucnSciName,mNASQx,Ammospermophilus nelsoni,Nelson's Antelope Squirrel,1149,Ammospermophilus nelsoni,Nelson's Antelope Squirrel
Arborimus albipes,1,Matched on iucnSciName,mWFVOx,Arborimus albipes,White-footed Vole,2017,Arborimus albipes,White-footed Vole
Arborimus longicaudus,1,Matched on iucnSciName,mRTVOx,Arborimus longicaudus,Red Tree Vole,42615,Arborimus longicaudus,Red Tree Vole
Arborimus pomo,1,Matched on iucnSciName,mSTVOx,Arborimus pomo,Sonoma Tree Vole,2018,Arborimus pomo,Sonoma Tree Vole
Blarina carolinensis,1,Matched on iucnSciName,mSOTSx,Blarina carolinensis,Southern Short-tailed Shrew,41452,Blarina carolinensis,Southern Short-tailed Shrew
Blarina hylophaga,1,Matched on iucnSciName,mESTSx,Blarina hylophaga,Elliot's Short-tailed Shrew,41453,Blarina hylophaga,Elliot's Short-tailed Shrew
Brachylagus idahoensis,1,Matched on iucnSciName,mPYRAx,Brachylagus idahoensis,Pygmy Rabbit,2963,Brachylagus idahoensis,Pygmy Rabbit
Canis rufus,1,Failed to match on iucnSciName iucnSynonym or gapSciName,,,,,,
Corynorhinus rafinesquii,1,Matched on iucnSciName,mRBEBx,Corynorhinus rafinesquii,Rafinesque's Big-eared Bat,17600,Corynorhinus rafinesquii,Rafinesque's Big-eared Bat
Cynomys gunnisoni,1,Matched on iucnSciName,mGPDOx,Cynomys gunnisoni,Gunnison's Prairie Dog,42453,Cynomys gunnisoni,Gunnison's Prairie Dog
Cynomys leucurus,1,Matched on iucnSciName,mWTPDx,Cynomys leucurus,White-tailed Prairie Dog,42454,Cynomys leucurus,White-tailed Prairie Dog
Cynomys parvidens,1,Matched on iucnSciName,mUPDOx,Cynomys parvidens,Utah Prairie Dog,6090,Cynomys parvidens,Utah Prairie Dog
Dipodomys agilis,1,Matched on iucnSciName,mAKRAx,Dipodomys agilis,Agile Kangaroo Rat,6684,Dipodomys agilis,Agile Kangaroo Rat
Dipodomys californicus,1,Matched on iucnSciName,mCKRAx,Dipodomys californicus,California Kangaroo Rat,42599,Dipodomys californicus,California Kangaroo Rat
Dipodomys compactus,1,Matched on iucnSciName,mGCKRx,Dipodomys compactus,Gulf Coast Kangaroo Rat,6685,Dipodomys compactus,Gulf Coast Kangaroo Rat
Dipodomys elator,1,Matched on iucnSciName,mTKRAx,Dipodomys elator,Texas Kangaroo Rat,6675,Dipodomys elator,Texas Kangaroo Rat
Dipodomys heermanni,1,Matched on iucnSciName,mHKRAx,Dipodomys heermanni,Heermann's Kangaroo Rat,42600,Dipodomys heermanni,Heermann's Kangaroo Rat
Dipodomys ingens,1,Matched on iucnSciName,mGKRAx,Dipodomys ingens,Giant Kangaroo Rat,6678,Dipodomys ingens,Giant Kangaroo Rat
Dipodomys microps,1,Matched on iucnSciName,mCTKRx,Dipodomys microps,Chisel-toothed Kangaroo Rat,42603,Dipodomys microps,Houserock Chisel-toothed Kangaroo Rat
Dipodomys nitratoides,1,Matched on iucnSciName,mSJKRx,Dipodomys nitratoides,San Joaquin Kangaroo Rat,6683,Dipodomys nitratoides,Fresno Kangaroo Rat
Dipodomys panamintinus,1,Matched on iucnSciName,mPKRAx,Dipodomys panamintinus,Panamint Kangaroo Rat,42604,Dipodomys panamintinus,Panamint Kangaroo Rat
Dipodomys stephensi,1,Matched on iucnSciName,mSKRAx,Dipodomys stephensi,Stephen's Kangaroo Rat,6682,Dipodomys stephensi,Stephens' Kangaroo Rat
Dipodomys venustus,1,Matched on iucnSciName,mNFKRx,Dipodomys venustus,Narrow-faced Kangaroo Rat,42605,Dipodomys venustus,Narrow-faced Kangaroo Rat
Eumops floridanus,1,Matched on iucnSciName several times,mWBBAx,Eumops glaucinus,Wagner's Bonneted Bat,136433,Eumops floridanus,
Eumops floridanus,1,Matched on iucnSciName several times,mFBBAx,Eumops floridanus,Florida Bonneted Bat,136433,Eumops floridanus,Florida Bonneted Bat
Geomys attwateri,1,Matched on iucnSciName,mAPGOx,Geomys attwateri,Attwater's Pocket Gopher,136380,Geomys attwateri,Attwater's Pocket Gopher
Geomys breviceps,1,Matched on iucnSciName,mBPGOx,Geomys breviceps,Baird's Pocket Gopher,136840,Geomys breviceps,Baird's Pocket Gopher
Geomys knoxjonesi,1,Matched on iucnSciName,mKJPGx,Geomys knoxjonesi,Knox Jones's Pocket Gopher,136258,Geomys knoxjonesi,Knox Jones's Pocket Gopher
Geomys pinetis,1,Matched on iucnSciName,mSEGOx,Geomys pinetis,Southeastern Pocket Gopher,42589,Geomys pinetis,Southeastern Pocket Gopher
Geomys texensis,1,Matched on iucnSciName,mCTPGx,Geomys texensis,Central Texas Pocket Gopher,9062,Geomys texensis,Central Texas Pocket Gopher
Lasiurus seminolus,1,Matched on iucnSciName,mSEBAx,Lasiurus seminolus,Seminole Bat,11353,Lasiurus seminolus,Seminole Bat
Marmota olympus,1,Matched on iucnSciName,mOLMAx,Marmota olympus,Olympic Marmot,42459,Marmota olympus,Olympic Marmot
Microdipodops megacephalus,1,Matched on iucnSciName,mDKMOx,Microdipodops megacephalus,Dark Kangaroo Mouse,42606,Microdipodops megacephalus,Owyhee River Kangaroo Mouse
Microdipodops pallidus,1,Matched on iucnSciName,mPKMOx,Microdipodops pallidus,Pale Kangaroo Mouse,42607,Microdipodops pallidus,Soda Spring Valley Kangaroo Mouse
Microtus breweri,1,Failed to match on iucnSciName iucnSynonym or gapSciName,,,,,,
Microtus canicaudus,1,Matched on iucnSciName,mGTVOx,Microtus canicaudus,Gray-tailed Vole,42625,Microtus canicaudus,Gray-tailed Vole
Mustela nigripes,1,Matched on iucnSciName,mBFFEx,Mustela nigripes,Black-footed Ferret,14020,Mustela nigripes,Black-footed Ferret
Myodes californicus,1,Matched on iucnSciName,mWRBVx,Myodes californicus,Western Red-backed Vole,42616,Myodes californicus,Western Red-backed Vole
Myotis austroriparius,1,Matched on iucnSciName,mSEMYx,Myotis austroriparius,Southeastern Myotis,14147,Myotis austroriparius,Southeastern Myotis
Myotis grisescens,1,Matched on iucnSciName,mGRMYx,Myotis grisescens,Gray Myotis,14132,Myotis grisescens,Grey Bat
Neofiber alleni,1,Matched on iucnSciName,mRTMUx,Neofiber alleni,Round-tailed Muskrat,14520,Neofiber alleni,Round-tailed Muskrat
Neotoma devia,1,Matched on iucnSciName,mAZWOx,Neotoma devia,Arizona Woodrat,14586,Neotoma devia,Arizona Woodrat
Neotoma floridana,1,Matched on iucnSciName,mEAWOx,Neotoma floridana,Eastern Woodrat,42650,Neotoma floridana,Eastern Woodrat
Neotoma fuscipes,1,Matched on iucnSciName,mDFWOx,Neotoma fuscipes,Dusky-footed Woodrat,14587,Neotoma fuscipes,Dusky-footed Woodrat
Neotoma magister,1,Matched on iucnSciName,mALWOx,Neotoma magister,Allegheny Woodrat,14581,Neotoma magister,Allegheny Woodrat
Neotoma stephensi,1,Matched on iucnSciName,mSTWOx,Neotoma stephensi,Stephen's Woodrat,42651,Neotoma stephensi,Stephen's Woodrat
Ochrotomys nuttalli,1,Matched on iucnSciName,mGOMOx,Ochrotomys nuttalli,Golden Mouse,42674,Ochrotomys nuttalli,Golden Mouse
Oryzomys palustris,1,Matched on iucnSciName,mMAORx,Oryzomys palustris,Marsh Oryzomys,42675,Oryzomys palustris,Marsh Rice Rat
Perognathus alticolus,1,Matched on iucnSynonym (Perognathus alticola),mWEPMx,Perognathus alticolus,White-eared Pocket Mouse,16631,Perognathus alticola,White-eared Pocket Mouse
Perognathus inornatus,1,Matched on iucnSciName,mSJPMx,Perognathus inornatus,San Joaquin Pocket Mouse,42609,Perognathus inornatus,San Joaquin Pocket Mouse
Peromyscus attwateri,1,Matched on iucnSciName,mTXDEx,Peromyscus attwateri,Texas Deermouse,42652,Peromyscus attwateri,Texas Deermouse
Peromyscus gossypinus,1,Matched on iucnSciName,mCODEx,Peromyscus gossypinus,Cotton Deermouse,42653,Peromyscus gossypinus,Key Largo Cotton Mouse
Peromyscus polionotus,1,Matched on iucnSciName,mOLDEx,Peromyscus polionotus,Oldfield Deermouse,42654,Peromyscus polionotus,Choctawhatchee Beach Mouse
Podomys floridanus,1,Matched on iucnSciName,mFLDEx,Podomys floridanus,Florida Deermouse,17830,Podomys floridanus,Florida Deermouse
Reithrodontomys humulis,1,Matched on iucnSciName,mEHMOx,Reithrodontomys humulis,Eastern Harvest Mouse,42678,Reithrodontomys humulis,Eastern Harvest Mouse
Reithrodontomys raviventris,1,Matched on iucnSciName,mSMHMx,Reithrodontomys raviventris,Salt-marsh Harvest Mouse,19401,Reithrodontomys raviventris,Salt-marsh Harvest Mouse
Sorex bairdi,1,Matched on iucnSciName,mBDSHx,Sorex bairdi,Baird's Shrew,41387,Sorex bairdi,Baird's Shrew
Sorex longirostris,1,Matched on iucnSciName,mSPSHx,Sorex longirostris,Southeastern Shrew,41401,Sorex longirostris,Southeastern Shrew
Sorex lyelli,1,Matched on iucnSciName,mMLSHx,Sorex lyelli,Mt. Lyell Shrew,41402,Sorex lyelli,Mount Lyell Shrew
Sorex merriami,1,Matched on iucnSciName,mMESHx,Sorex merriami,Merriam's Shrew,41403,Sorex merriami,Merriam's Shrew
Sorex nanus,1,Matched on iucnSciName,mDWSHx,Sorex nanus,Dwarf Shrew,41406,Sorex nanus,Dwarf Shrew
Sorex neomexicanus,1,Matched on iucnSciName,mNMSHx,Sorex neomexicanus,New Mexico Shrew,136608,Sorex neomexicanus,New Mexico Shrew
Sorex pacificus,1,Matched on iucnSciName,mPASHx,Sorex pacificus,Pacific Shrew,41409,Sorex pacificus,Pacific Shrew
Sorex preblei,1,Matched on iucnSciName,mPBSHx,Sorex preblei,Preble's Shrew,41413,Sorex preblei,Preble's Shrew
Sorex sonomae,1,Matched on iucnSciName,mFOSHx,Sorex sonomae,Fog Shrew,41418,Sorex sonomae,Fog Shrew
Sorex tenellus,1,Matched on iucnSciName,mINSHx,Sorex tenellus,Inyo Shrew,41419,Sorex tenellus,Inyo Shrew
Spermophilus armatus,1,Matched on iucnSynonym (Urocitellus armatus),mUGSQx,Urocitellus armatus,Uinta Ground Squirrel,42463,Urocitellus armatus,Uinta Ground Squirrel
Spermophilus beldingi,1,Matched on iucnSynonym (Urocitellus beldingi),mBGSQx,Urocitellus beldingi,Belding's Ground Squirrel,42464,Urocitellus beldingi,Belding's Ground Squirrel
Spermophilus brunneus,1,Matched on iucnSynonym (Urocitellus brunneus),mIGSQx,Urocitellus brunneus,Idaho Ground Squirrel,20497,Urocitellus brunneus,Norhern Idaho Ground Squirrel
Spermophilus canus,1,Matched on iucnSynonym (Urocitellus canus),mMGSQx,Urocitellus canus,Merriam's Ground Squirrel,42465,Urocitellus canus,Merriam's Ground Squirrel
Spermophilus elegans,1,Matched on iucnSynonym (Urocitellus elegans),mWYSQx,Urocitellus elegans,Wyoming Ground Squirrel,42467,Urocitellus elegans,Wyoming Ground Squirrel
Spermophilus mohavensis,1,Matched on iucnSynonym (Xerospermophilus mohavensis),mMOSQx,Xerospermophilus mohavensis,Mohave Ground Squirrel,20474,Xerospermophilus mohavensis,Mohave Ground Squirrel
Spermophilus mollis,1,Matched on iucnSynonym (Urocitellus mollis),mPGSQx,Urocitellus mollis,Piute Ground Squirrel,42469,Urocitellus mollis,Piute Ground Squirrel
Spermophilus townsendii,1,Matched on iucnSynonym (Urocitellus townsendii),mTGSQx,Urocitellus townsendii,Townsend's Ground Squirrel,20476,Urocitellus townsendii,Townsend's Ground Squirrel
Spermophilus washingtoni,1,Matched on iucnSynonym (Urocitellus washingtoni),mWASQx,Urocitellus washingtoni,Washington Ground Squirrel,20475,Urocitellus washingtoni,Washington Ground Squirrel
Sylvilagus aquaticus,1,Matched on iucnSciName,mSWRAx,Sylvilagus aquaticus,Swamp Rabbit,41296,Sylvilagus aquaticus,Swamp Rabbit
Sylvilagus cognatus,1,Failed to match on iucnSciName iucnSynonym or gapSciName,,,,,,
Sylvilagus obscurus,1,Matched on iucnSciName,mAPCOx,Sylvilagus obscurus,Appalachian Cottontail,41301,Sylvilagus obscurus,Appalachian Cottontail
Sylvilagus palustris,1,Matched on iucnSciName,mMARAx,Sylvilagus palustris,Marsh Rabbit,41303,Sylvilagus palustris,Marsh Rabbit
Sylvilagus transitionalis,1,Matched on iucnSciName,mNGCOx,Sylvilagus transitionalis,New England Cottontail,21212,Sylvilagus transitionalis,New England Cottontail
Tamias alpinus,1,Matched on iucnSynonym (Neotamias alpinus),mALCHx,Tamias alpinus,Alpine Chipmunk,42568,Neotamias alpinus,Alpine Chipmunk
Tamias canipes,1,Matched on iucnSynonym (Neotamias canipes),mGFCHx,Tamias canipes,Gray-footed Chipmunk,21364,Neotamias canipes,Gray-footed Chipmunk
Tamias cinereicollis,1,Matched on iucnSynonym (Neotamias cinereicollis),mGCCHx,Tamias cinereicollis,Gray-collared Chipmunk,42570,Neotamias cinereicollis,Gray-collared Chipmunk
Tamias merriami,1,Matched on iucnSynonym (Neotamias merriami),mMMCHx,Tamias merriami,Merriam's Chipmunk,21358,Neotamias merriami,Merriam's Chipmunk
Tamias ochrogenys,1,Matched on iucnSynonym (Neotamias ochrogenys),mYCCHx,Tamias ochrogenys,Yellow-cheeked Chipmunk,42573,Neotamias ochrogenys,Yellow-cheeked Chipmunk
Tamias palmeri,1,Matched on iucnSynonym (Neotamias palmeri),mPACHx,Tamias palmeri,Palmer's Chipmunk,21355,Neotamias palmeri,Palmer's Chipmunk
Tamias panamintinus,1,Matched on iucnSynonym (Neotamias panamintinus),mPNCHx,Tamias panamintinus,Panamint Chipmunk,42574,Neotamias panamintinus,Panamint Chipmunk
Tamias quadrimaculatus,1,Matched on iucnSynonym (Neotamias quadrimaculatus),mLOECx,Tamias quadrimaculatus,Long-eared Chipmunk,42575,Neotamias quadrimaculatus,Long-eared Chipmunk
Tamias quadrivittatus,1,Matched on iucnSynonym (Neotamias quadrivittatus),mCOCHx,Tamias quadrivittatus,Colorado Chipmunk,42576,Neotamias quadrivittatus,Colorado Chipmunk
Tamias rufus,1,Matched on iucnSynonym (Neotamias rufus),mHOCHx,Tamias rufus,Hopi Chipmunk,42578,Neotamias rufus,Hopi Chipmunk
Tamias senex,1,Matched on iucnSynonym (Neotamias senex),mSHCHx,Tamias senex,Shadow Chipmunk,42579,Neotamias senex,Shadow Chipmunk
Tamias siskiyou,1,Matched on iucnSynonym (Neotamias siskiyou),mSICHx,Tamias siskiyou,Siskiyou Chipmunk,42580,Neotamias siskiyou,Siskiyou Chipmunk
Tamias sonomae,1,Matched on iucnSynonym (Neotamias sonomae),mSOCHx,Tamias sonomae,Sonoma Chipmunk,42581,Neotamias sonomae,Sonoma Chipmunk
Tamias speciosus,1,Matched on iucnSynonym (Neotamias speciosus),mLOCHx,Tamias speciosus,Lodgepole Chipmunk,42582,Neotamias speciosus,Lodgepole Chipmunk
Tamias umbrinus,1,Matched on iucnSynonym (Neotamias umbrinus),mUICHx,Tamias umbrinus,Uinta Chipmunk,42585,Neotamias umbrinus,Uinta Chipmunk
Thomomys bulbivorus,1,Matched on iucnSciName,mCPGOx,Thomomys bulbivorus,Camas Pocket Gopher,42594,Thomomys bulbivorus,Camas Pocket Gopher
Thomomys clusius,1,Matched on iucnSciName,mWYGOx,Thomomys clusius,Wyoming Pocket Gopher,42595,Thomomys clusius,Wyoming Pocket Gopher
Thomomys idahoensis,1,Matched on iucnSciName,mIPGOx,Thomomys idahoensis,Idaho Pocket Gopher,21809,Thomomys idahoensis,Idaho Pocket Gopher
Thomomys mazama,1,Matched on iucnSciName,mWPGOx,Thomomys mazama,Western Pocket Gopher,21810,Thomomys mazama,Western Pocket Gopher
Thomomys monticola,1,Matched on iucnSciName,mMPGOx,Thomomys monticola,Mountain Pocket Gopher,42596,Thomomys monticola,Mountain Pocket Gopher
Thomomys townsendii,1,Matched on iucnSciName,mTPGOx,Thomomys townsendii,Townsend's Pocket Gopher,42598,Thomomys townsendii,Townsend's Pocket Gopher
Urocyon littoralis,1,Matched on iucnSciName,mISFOx,Urocyon littoralis,Island Fox,22781,Urocyon littoralis,Island Fox
Vulpes velox,1,Matched on iucnSciName,mSWFOx,Vulpes velox,Swift Fox,23059,Vulpes velox,Swift Fox
Agkistrodon piscivorus,1,Matched on iucnSciName,rCOTTx,Agkistrodon piscivorus,Cottonmouth,64298,Agkistrodon piscivorus,Cottonmouth
Apalone ferox,1,Matched on iucnSciName,rFLSOx,Apalone ferox,Florida Softshell,165597,Apalone ferox,Florida Softshell Turtle
Apalone mutica,1,Matched on iucnSciName,rSMSOx,Apalone mutica,Smooth Softshell,165596,Apalone mutica,Smooth Softshell Turtle
Aspidoscelis dixoni,1,Matched on iucnSciName,rGCWHx,Aspidoscelis dixoni,Gray Checkered Whiptail,64262,Aspidoscelis dixoni,Gray-checkered Whiptail
Aspidoscelis flagellicauda,1,Matched on iucnSciName,rGLSWx,Aspidoscelis flagellicauda,Gila Spotted Whiptail,64265,Aspidoscelis flagellicauda,Gila Spotted Whiptail
Aspidoscelis gypsi,1,Matched on iucnSciName,rLWWHx,Aspidoscelis gypsi,Little White Whiptail,64269,Aspidoscelis gypsi,Little White Whiptail
Aspidoscelis neotesselata,1,Matched on iucnSciName,rCCHWx,Aspidoscelis neotesselata,Colorado Checkered Whiptail,64279,Aspidoscelis neotesselata,Triploid Checkered Whiptail
Aspidoscelis pai,1,Matched on iucnSciName,rPASWx,Aspidoscelis pai,Pai Striped Whiptail,64281,Aspidoscelis pai,Pai Striped Whiptail
Aspidoscelis velox,1,Matched on iucnSciName,rPLSWx,Aspidoscelis velox,Plateau Striped Whiptail,64292,Aspidoscelis velox,Plateau Striped Whiptail
Carphophis amoenus,1,Matched on iucnSciName,rEWSNx,Carphophis amoenus,Eastern Wormsnake,63738,Carphophis amoenus,Eastern Worm Snake
Cemophora coccinea,1,Matched on iucnSciName,rSCARx,Cemophora coccinea,Scarletsnake,63740,Cemophora coccinea,Scarlet Snake
Chrysemys dorsalis,1,Matched on iucnSciName several times,rSOPTx,Chrysemys dorsalis,Southern Painted Turtle,163467,Chrysemys picta,Painted Turtle
Chrysemys dorsalis,1,Matched on iucnSciName several times,rPATUx,Chrysemys picta,Painted Turtle,163467,Chrysemys picta,Painted Turtle
Clonophis kirtlandii,1,Matched on iucnSciName,rKISNx,Clonophis kirtlandii,Kirtland's Snake,63747,Clonophis kirtlandii,Kirtland's Snake
Crotalus adamanteus,1,Matched on iucnSciName,rEDBRx,Crotalus adamanteus,Eastern Diamond-backed Rattlesnake,64308,Crotalus adamanteus,Eastern Diamond-backed Rattlesnake
Deirochelys reticularia,1,Failed to match on iucnSciName iucnSynonym or gapSciName,,,,,,
Drymarchon couperi,1,Matched on iucnSciName,rEISNx,Drymarchon couperi,Eastern Indigo Snake,63773,Drymarchon couperi,Eastern Indigo Snake
Elgaria panamintina,1,Matched on iucnSciName,rPALIx,Elgaria panamintina,Panamint Alligator Lizard,40792,Elgaria panamintina,Panamint Alligator Lizard
Farancia abacura,1,Matched on iucnSciName,rRBMUx,Farancia abacura,Red-bellied Mudsnake,63779,Farancia abacura,Red-bellied Mudsnake
Farancia erytrogramma,1,Matched on iucnSciName,rRASNx,Farancia erytrogramma,Rainbow Snake,63780,Farancia erytrogramma,Rainbow Snake
Gambelia sila,1,Matched on iucnSciName,rBNLLx,Gambelia sila,Blunt-nosed Leopard Lizard,40690,Gambelia sila,Blunt-nosed Leopard Lizard
Glyptemys muhlenbergii,1,Matched on iucnSciName,rBOTUx,Glyptemys muhlenbergii,Bog Turtle,4967,Glyptemys muhlenbergii,Bog Turtle
Gopherus polyphemus,1,Matched on iucnSciName,rGOTOx,Gopherus polyphemus,Gopher Tortoise,9403,Gopherus polyphemus,Gopher Tortoise
Graptemys barbouri,1,Matched on iucnSciName,rBMTUx,Graptemys barbouri,Barbour's Map Turtle,9496,Graptemys barbouri,Barbour's Map Turtle
Graptemys caglei,1,Matched on iucnSciName,rCMTUx,Graptemys caglei,Cagle's Map Turtle,9497,Graptemys caglei,Cagle's Map Turtle
Graptemys ernsti,1,Matched on iucnSciName,rEMTUx,Graptemys ernsti,Escambia Map Turtle,9500,Graptemys ernsti,Escambia Map Turtle
Graptemys flavimaculata,1,Matched on iucnSciName,rYBMTx,Graptemys flavimaculata,Yellow-blotched Map Turtle,9498,Graptemys flavimaculata,Yellow Blotched Sawback
Graptemys gibbonsi,1,Matched on iucnSciName,rPMTUx,Graptemys gibbonsi,Pascagoula Map Turtle,184436,Graptemys gibbonsi,Pascagoula Map Turtle
Graptemys nigrinoda,1,Matched on iucnSciName,rBKMTx,Graptemys nigrinoda,Black-knobbed Map Turtle,9502,Graptemys nigrinoda,Black-knobbed Sawback
Graptemys oculifera,1,Matched on iucnSciName,rRMTUx,Graptemys oculifera,Ringed Map Turtle,9499,Graptemys oculifera,Ringed Sawback
Graptemys ouachitensis,1,Matched on iucnSciName,rOMTUx,Graptemys ouachitensis,Ouachita Map Turtle,165599,Graptemys ouachitensis,Ouachita Map Turtle
Graptemys pseudogeographica,1,Matched on iucnSciName,rFMTUx,Graptemys pseudogeographica,False Map Turtle,165600,Graptemys pseudogeographica,Mississippi Map Turtle
Graptemys pulchra,1,Matched on iucnSciName,rALTUx,Graptemys pulchra,Alabama Map Turtle,170494,Graptemys pulchra,Alabama Map Turtle
Graptemys versa,1,Matched on iucnSciName,rTMTUx,Graptemys versa,Texas Map Turtle,9503,Graptemys versa,Texas Map Turtle
Heterodon simus,1,Matched on iucnSciName,rSHNSx,Heterodon simus,Southern Hog-nosed Snake,63821,Heterodon simus,Southern Hog-nosed Snake
Kinosternon baurii,1,Matched on iucnSciName,rSTMTx,Kinosternon baurii,Striped Mud Turtle,163429,Kinosternon baurii,Striped Mud Turtle
Kinosternon subrubrum,1,Matched on iucnSciName,rEMDTx,Kinosternon subrubrum,Eastern Mud Turtle,163435,Kinosternon subrubrum,Eastern Mud Turtle
Lampropeltis calligaster,1,Matched on iucnSciName,rYBKIx,Lampropeltis calligaster,Yellow-bellied Kingsnake,63826,Lampropeltis calligaster,Yellow-bellied Kingsnake
Macrochelys temminckii,1,Matched on iucnSciName,rASTUx,Macrochelys temminckii,Alligator Snapping Turtle,12589,Macrochelys temminckii,Alligator Snapping Turtle
Malaclemys terrapin,1,Matched on iucnSciName,rDBTEx,Malaclemys terrapin,Diamond-backed Terrapin,12695,Malaclemys terrapin,Diamondback Terrapin
Neoseps reynoldsi,1,Matched on iucnSynonym (Plestiodon reynoldsi),rFSSKx,Plestiodon reynoldsi,Florida Sand Skink,14564,Plestiodon reynoldsi,Florida Sand Skink
Nerodia cyclopion,1,Matched on iucnSciName,rMSWAx,Nerodia cyclopion,Mississippi Green Watersnake,63853,Nerodia cyclopion,Mississippi Green Water Snake
Nerodia floridana,1,Matched on iucnSciName,rFGWAx,Nerodia floridana,Florida Green Watersnake,63855,Nerodia floridana,Florida Green Water Snake
Nerodia harteri,1,Matched on iucnSciName,rBRVWx,Nerodia harteri,Brazos River Watersnake,62238,Nerodia harteri,Brazos River Watersnake
Nerodia paucimaculata,1,Matched on iucnSciName,rCOWAx,Nerodia paucimaculata,Concho Watersnake,14631,Nerodia paucimaculata,Concho Water Snake
Nerodia taxispilota,1,Matched on iucnSciName,rBRWAx,Nerodia taxispilota,Brown Watersnake,63857,Nerodia taxispilota,Brown Water Snake
Ophisaurus attenuatus,1,Matched on iucnSciName,rSGLIx,Ophisaurus attenuatus,Slender Glass Lizard,63716,Ophisaurus attenuatus,Slender Glass Lizard
Ophisaurus compressus,1,Matched on iucnSciName,rIGLIx,Ophisaurus compressus,Island Glass Lizard,63718,Ophisaurus compressus,Island Glass Lizard
Ophisaurus mimicus,1,Matched on iucnSciName,rMGLIx,Ophisaurus mimicus,Mimic Glass Lizard,63720,Ophisaurus mimicus,Mimic Glass Lizard
Ophisaurus ventralis,1,Matched on iucnSciName,rEGLIx,Ophisaurus ventralis,Eastern Glass Lizard,63721,Ophisaurus ventralis,Eastern Glass Lizard
Phrynosoma douglasii,1,Matched on iucnSciName,rPSHLx,Phrynosoma douglasii,Pygmy Short-horned Lizard,64075,Phrynosoma douglasii,Pygmy Short-horned Lizard
Pituophis melanoleucus,1,Matched on iucnSciName,rPINEx,Pituophis melanoleucus,Pinesnake,63873,Pituophis melanoleucus,Pine Snake
Pituophis ruthveni,1,Matched on iucnSciName,rLOPIx,Pituophis ruthveni,Louisiana Pinesnake,63874,Pituophis ruthveni,Louisiana Pine Snake
Plestiodon anthracinus,1,Matched on iucnSciName,rCOSKx,Plestiodon anthracinus,Coal Skink,64220,Plestiodon anthracinus,Coal Skink
Plestiodon egregius,1,Matched on iucnSciName,rMOSKx,Plestiodon egregius,Mole Skink,64226,Plestiodon egregius,Mole Skink
Plestiodon laticeps,1,Matched on iucnSciName,rBHSKx,Plestiodon laticeps,Broad-headed Skink,64231,Plestiodon laticeps,Broad-headed Skink
Plestiodon multivirgatus,1,Matched on iucnSciName,rMLSKx,Plestiodon multivirgatus,Many-lined Skink,64234,Plestiodon multivirgatus,Many-lined Skink
Pseudemys alabamensis,1,Matched on iucnSciName,rARBCx,Pseudemys alabamensis,Alabama Red-bellied Cooter,18458,Pseudemys alabamensis,Alabama Red-bellied Cooter
Pseudemys concinna,1,Matched on iucnSciName several times,rSUCOx,Pseudemys suwanniensis,Suwannee Cooter,163444,Pseudemys concinna,River Cooter
Pseudemys concinna,1,Matched on iucnSciName several times,rRICOx,Pseudemys concinna,River Cooter,163444,Pseudemys concinna,River Cooter
Pseudemys nelsoni,1,Matched on iucnSciName,rFRBCx,Pseudemys nelsoni,Florida Red-bellied Cooter,170495,Pseudemys nelsoni,Florida Red-bellied Cooter
Pseudemys peninsularis,1,Matched on iucnSciName,rPCOOx,Pseudemys peninsularis,Peninsula Cooter,170496,Pseudemys peninsularis,Peninsula Cooter
Pseudemys rubriventris,1,Matched on iucnSciName,rNRBCx,Pseudemys rubriventris,Northern Red-bellied Cooter,18460,Pseudemys rubriventris,Northern Redbelly Turtle
Pseudemys texana,1,Matched on iucnSciName,rTXCOx,Pseudemys texana,Texas Cooter,170497,Pseudemys texana,Texas Cooter
Regina alleni,1,Matched on iucnSynonym (Liodytes alleni),rSCSNx,Regina alleni,Striped Crayfish Snake,63884,Liodytes alleni,Striped Crayfish Snake
Regina grahamii,1,Matched on iucnSciName,rGCSNx,Regina grahamii,Graham's Crayfish Snake,63885,Regina grahamii,Graham's Crayfish Snake
Regina rigida,1,Matched on iucnSynonym (Liodytes rigida),rGCRSx,Regina rigida,Glossy Crayfish Snake,63886,Liodytes rigida,Crayfish Snake
Rhadinaea flavilata,1,Matched on iucnSciName,rPWLIx,Rhadinaea flavilata,Pine Woods Littersnake,63890,Rhadinaea flavilata,Pine Woods Littersnake
Rhineura floridana,1,Matched on iucnSciName,rFLWOx,Rhineura floridana,Florida Wormlizard,64219,Rhineura floridana,Florida Worm Lizard
Sceloporus arenicolus,1,Matched on iucnSciName,rDSALx,Sceloporus arenicolus,Dunes Sagebrush Lizard,64087,Sceloporus arenicolus,Dunes Sagebrush Lizard
Sceloporus woodi,1,Matched on iucnSciName,rFSLIx,Sceloporus woodi,Florida Scrub Lizard,64160,Sceloporus woodi,Florida Scrub Lizard
Seminatrix pygaea,1,Matched on iucnSynonym (Liodytes pygaea),rBLSSx,Seminatrix pygaea,Black Swampsnake,63916,Liodytes pygaea,Black Swamp Snake
Sistrurus miliarius,1,Matched on iucnSciName,rPRATx,Sistrurus miliarius,Pygmy Rattlesnake,64347,Sistrurus miliarius,Pygmy Rattlesnake
Sternotherus carinatus,1,Matched on iucnSciName,rRBMTx,Sternotherus carinatus,Razor-backed Musk Turtle,170492,Sternotherus carinatus,Razor-backed Musk Turtle
Sternotherus depressus,1,Matched on iucnSciName,rFLMTx,Sternotherus depressus,Flattened Musk Turtle,20824,Sternotherus depressus,Flattened Musk Turtle
Sternotherus minor,1,Matched on iucnSciName,rLMTUx,Sternotherus minor,Loggerhead Musk Turtle,170493,Sternotherus minor,Loggerhead Musk Turtle
Stilosoma extenuatum,1,Matched on iucnSynonym (Lampropeltis extenuata),rSTSNx,Lampropeltis extenuata,Short-tailed Snake,63927,Lampropeltis extenuata,Short-tailed Snake
Tantilla coronata,1,Matched on iucnSciName,rSESNx,Tantilla coronata,Southeastern Crowned Snake,63941,Tantilla coronata,Southeastern Crowned Snake
Tantilla oolitica,1,Matched on iucnSciName,rRRCSx,Tantilla oolitica,Rim Rock Crowned Snake,63954,Tantilla oolitica,Rim Rock Crowned Snake
Tantilla relicta,1,Matched on iucnSciName,rFCSNx,Tantilla relicta,Florida Crowned Snake,63956,Tantilla relicta,Florida Crowned Snake
Thamnophis atratus,1,Matched on iucnSciName,rAQGAx,Thamnophis atratus,Aquatic Gartersnake,63970,Thamnophis atratus,Pacific Coast Aquatic Garter Snake
Thamnophis brachystoma,1,Matched on iucnSciName,rSHGAx,Thamnophis brachystoma,Short-headed Gartersnake,63971,Thamnophis brachystoma,Short-headed Gartersnake
Thamnophis couchii,1,Matched on iucnSciName,rSIGAx,Thamnophis couchii,Sierra Gartersnake,63974,Thamnophis couchii,Western Aquatic Garter Snake
Thamnophis gigas,1,Matched on iucnSciName,rGIGAx,Thamnophis gigas,Giant Gartersnake,21706,Thamnophis gigas,Giant Garter Snake
Tropidoclonion lineatum,1,Matched on iucnSciName,rLISNx,Tropidoclonion lineatum,Lined Snake,63998,Tropidoclonion lineatum,Lined Snake
Uma inornata,1,Matched on iucnSciName,rCFTLx,Uma inornata,Coachella Fringe-toed Lizard,22727,Uma inornata,Coachella Valley Fringe-toed Lizard
Uma scoparia,1,Matched on iucnSciName,rMFTLx,Uma scoparia,Mohave Fringe-toed Lizard,64166,Uma scoparia,Mojave Fringe-toed Lizard
Virginia striatula,1,Matched on iucnSynonym (Haldea striatula),rROEAx,Virginia striatula,Rough Earthsnake,64002,Haldea striatula,Rough Earth Snake
Virginia valeriae,1,Matched on iucnSciName,rSMEAx,Virginia valeriae,Smooth Earthsnake,64003,Virginia valeriae,Smooth Earth Snake
Xantusia arizonae,1,Matched on iucnSciName,rANLIx,Xantusia arizonae,Arizona Night Lizard,64361,Xantusia arizonae,Arizona Night Lizard
Xantusia riversiana,1,Matched on iucnSciName,rINLIx,Xantusia riversiana,Island Night Lizard,23095,Xantusia riversiana,Island Night Lizard
